exp_id,site,seed,rule,epochs,chm,train,test,bbox_prec,bbox_rec,class_prec,class_rec,n_grn_matched,n_brn_matched,n_both_matched
21285a413300405a95f91352b7a287b7,teak,42,R4,6,False,training3/TEAK-train.csv,evaluation3/TEAK-test.csv,0.6719887756694297,0.7115604081500753,0.9142091152815014,0.9291553133514986,0.7096774193548387,0.7872340425531915,0.7160883280757098
82056c5b261b44fa8ae2d7b19681902f,teak,518437,R4,6,False,training3/TEAK-train.csv,evaluation3/TEAK-test.csv,0.6614366031675871,0.6608157342362815,0.9471428571428572,0.9032697547683923,0.66553480475382,0.6382978723404256,0.6640378548895899
4da42e0853844872969d5f9dfc49c3d1,teak,645142,R4,6,False,training3/TEAK-train.csv,evaluation3/TEAK-test.csv,0.6683113409696033,0.6812045719461081,0.9343575418994413,0.9114441416893733,0.6960950764006791,0.574468085106383,0.6876971608832808
e8188b52b55e405abecf990cfd09705a,teak,951277,R4,6,False,training3/TEAK-train.csv,evaluation3/TEAK-test.csv,0.6528628957063394,0.6581980190258133,0.9370629370629371,0.9128065395095368,0.6757215619694398,0.6170212765957447,0.6719242902208202
